customer_id,name,email,signup_date,country
1001,Hristo Petrov,hristo.petrov@company.com,2023-05-17,IT
1002,Desislava Tanaka,desislava.tanaka@yahoo.com,2025-10-17,JP
1003,Tsvetelina Russo,tsvetelina.russo@abv.bg,2022-03-07,BG
1004,Tsvetelina Johnson,tsvetelina.johnson@softuni.bg,2024-10-31,BR
1005,Elena Wagner,elena.wagner@softuni.bg,2025-08-23,JP
1006,Luca Williams,luca.williams@icloud.com,2025-04-21,ES
1007,Ivan Suzuki,ivan.suzuki@outlook.com,2025-11-30,RO
1008,Ekaterina Garcia,ekaterina.garcia@outlook.com,2023-03-17,US
1009,Yana Nikolov,yana.nikolov@abv.bg,2022-07-18,US
1010,Andrei Ferrari,andrei.ferrari@company.com,2022-03-30,GR
1011,Kavya Hristov,kavya.hristov@abv.bg,2022-06-11,JP
1012,Lena Kumar,lena.kumar@mail.bg,2025-03-28,FR
1013,Petar Dimitrov,petar.dimitrov@softuni.bg,2023-08-16,BG
1014,Ethan Nowak,ethan.nowak@yahoo.com,2024-02-18,ES
1015,Carmen Bianchi,carmen.bianchi@mail.bg,2022-11-30,US
1016,Hugo Johnson,hugo.johnson@company.com,2025-12-08,BG
1017,Noah Weber,noah.weber@softuni.bg,2022-12-01,GR
1018,Camille Garcia,camille.garcia@softuni.bg,2025-11-03,US
1019,Kalina Williams,kalina.williams@gmail.com,2023-10-09,PL
1020,Harper Stoyanov,harper.stoyanov@softuni.bg,2025-03-07,US
1021,Mason Romano,mason.romano@icloud.com,2024-03-21,GR
1022,Aleksandar Jones,aleksandar.jones@outlook.com,2023-05-21,JP
1023,Kavya Jones,kavya.jones@abv.bg,2025-04-10,PL
1024,Léa Williams,léa.williams@outlook.com,2024-11-09,NL
1025,Tsvetelina Suzuki,tsvetelina.suzuki@gmail.com,2022-08-13,DE
1026,Emma Yamamoto,emma.yamamoto@abv.bg,2025-05-06,BG
1027,Matteo Thomas,matteo.thomas@icloud.com,2024-12-19,ES
1028,Fatima Nowak,fatima.nowak@gmail.com,2025-10-25,BG
1029,Kavya Suzuki,kavya.suzuki@company.com,2025-08-05,US
1030,Hristo Miller,hristo.miller@abv.bg,2022-11-20,GR
1031,Ivan Sánchez,ivan.sánchez@company.com,2024-10-22,DE
1032,Sakura Horváth,sakura.horváth@yahoo.com,2025-07-04,GB
1033,Sakura Ferrari,sakura.ferrari@softuni.bg,2022-11-10,US
1034,Emma Weber,emma.weber@gmail.com,2025-05-11,US
1035,Yuki Petrov,yuki.petrov@yahoo.com,2024-01-14,GB
1036,Charlotte Georgiev,charlotte.georgiev@softuni.bg,2025-03-07,BG
1037,Nikolay Sánchez,nikolay.sánchez@icloud.com,2022-05-22,JP
1038,Mihail Todorov,mihail.todorov@icloud.com,2025-01-30,DE
1039,Oliver Fischer,oliver.fischer@abv.bg,2023-03-10,JP
1040,Lucas Rodríguez,lucas.rodríguez@company.com,2024-03-28,US
1041,Lucía Novák,lucía.novák@icloud.com,2022-09-05,IT
1042,Isabella Stoyanov,isabella.stoyanov@mail.bg,2022-02-13,IN
1043,Fatima Williams,fatima.williams@softuni.bg,2022-01-15,BG
1044,Kalina Williams,kalina.williams@yahoo.com,2022-03-06,US
1045,Vasilena Schneider,vasilena.schneider@softuni.bg,2023-07-25,NL
1046,Mason Weber,mason.weber@outlook.com,2025-03-15,IN
1047,Mei Brown,mei.brown@icloud.com,2024-04-13,FR
1048,Boyan Kostov,boyan.kostov@abv.bg,2023-12-27,RO
1049,Chiara Lee,chiara.lee@gmail.com,2025-10-11,BG
1050,Kalina Taylor,kalina.taylor@mail.bg,2022-08-12,IT
1051,Sophia Smith,sophia.smith@icloud.com,2022-10-15,RO
1052,James Garcia,james.garcia@icloud.com,2023-05-27,BG
1053,Lucía Patel,lucía.patel@yahoo.com,2022-04-14,JP
1054,Maria Nikolov,maria.nikolov@softuni.bg,2022-12-07,RO
1055,Yuki Müller,yuki.müller@softuni.bg,2024-04-01,BG
1056,Noah Thomas,noah.thomas@gmail.com,2024-03-10,ES
1057,Carmen Miller,carmen.miller@abv.bg,2025-11-27,JP
1058,Yuki Marinov,yuki.marinov@softuni.bg,2023-08-31,FR
1059,Kalina Russo,kalina.russo@gmail.com,2023-10-05,BG
1060,Stoyan Russo,stoyan.russo@icloud.com,2024-10-26,AT
1061,Emma Georgiev,emma.georgiev@yahoo.com,2023-01-16,BG
1062,Petar Fernández,petar.fernández@softuni.bg,2024-04-06,BG
1063,Layla Brown,layla.brown@gmail.com,2025-06-22,BG
1064,Luca García,luca.garcía@mail.bg,2023-06-19,FR
1065,Jakub Brown,jakub.brown@company.com,2024-03-21,DE
1066,Klara Lee,klara.lee@mail.bg,2022-05-29,BG
1067,Carmen Esposito,carmen.esposito@yahoo.com,2022-05-31,JP
1068,Mason Schneider,mason.schneider@company.com,2022-09-29,US
1069,Petar Kowalski,petar.kowalski@softuni.bg,2024-01-27,GB
1070,Emma Martin,emma.martin@company.com,2025-06-06,AT
1071,Maria García,maria.garcía@company.com,2025-09-20,BG
1072,Desislava Jones,desislava.jones@yahoo.com,2022-08-08,JP
1073,Liam Garcia,liam.garcia@company.com,2025-05-23,FR
1074,Ekaterina Johnson,ekaterina.johnson@company.com,2024-11-01,NL
1075,Amelia Novák,amelia.novák@gmail.com,2022-07-09,RO
1076,Sofia Dimitrov,sofia.dimitrov@gmail.com,2023-11-15,DE
1077,Oliver Kolev,oliver.kolev@icloud.com,2025-02-03,RO
1078,Omar Ivanov,omar.ivanov@yahoo.com,2022-06-04,DE
1079,Ahmed Dimitrov,ahmed.dimitrov@mail.bg,2025-04-07,JP
1080,Aleksandar Jackson,aleksandar.jackson@outlook.com,2022-03-27,GB
1081,Léa Novák,léa.novák@gmail.com,2024-01-03,FR
1082,Logan García,logan.garcía@yahoo.com,2023-12-26,JP
1083,Chiara Esposito,chiara.esposito@outlook.com,2023-04-30,DE
1084,Olivia Kowalski,olivia.kowalski@abv.bg,2022-02-20,DE
1085,Dmitri Yamamoto,dmitri.yamamoto@abv.bg,2025-10-03,IT
1086,Harper Kolev,harper.kolev@yahoo.com,2024-02-23,BG
1087,Mei Williams,mei.williams@softuni.bg,2024-07-31,US
1088,Marek Singh,marek.singh@softuni.bg,2023-04-02,BG
1089,Sophia Taylor,sophia.taylor@mail.bg,2023-07-25,BG
1090,Sofia Wilson,sofia.wilson@abv.bg,2025-10-23,JP
1091,Dmitri Petrov,dmitri.petrov@yahoo.com,2023-06-19,DE
1092,Oliver Dimitrov,oliver.dimitrov@yahoo.com,2025-05-06,RO
1093,Andrei Sánchez,andrei.sánchez@mail.bg,2024-06-12,BR
1094,Raj Hristov,raj.hristov@abv.bg,2025-03-26,FR
1095,Amelia Dimitrov,amelia.dimitrov@abv.bg,2022-01-04,AT
1096,Kavya Fernández,kavya.fernández@softuni.bg,2024-01-16,RO
1097,Petar García,petar.garcía@mail.bg,2025-06-30,US
1098,Ralitsa Sánchez,ralitsa.sánchez@company.com,2024-11-04,GB
1099,Chiara Rodriguez,chiara.rodriguez@abv.bg,2025-11-28,GB
1100,Fatima Todorov,fatima.todorov@softuni.bg,2024-05-11,PL
1101,Olivia Esposito,olivia.esposito@company.com,2024-04-11,JP
1102,Ivan Davis,ivan.davis@company.com,2023-03-07,RO
1103,Anastasia Lee,anastasia.lee@icloud.com,2024-06-24,FR
1104,Raj Müller,raj.müller@outlook.com,2025-09-11,BG
1105,Anna Schneider,anna.schneider@mail.bg,2022-07-11,IT
1106,Marek Williams,marek.williams@softuni.bg,2022-10-29,BG
1107,Nina Brown,nina.brown@icloud.com,2025-06-05,BG
1108,Carmen Moore,carmen.moore@softuni.bg,2025-11-27,PL
1109,Kenji Taylor,kenji.taylor@softuni.bg,2022-10-30,BG
1110,Yana Watanabe,yana.watanabe@abv.bg,2023-03-25,DE
1111,Priya Lee,priya.lee@gmail.com,2025-02-15,IT
1112,Ralitsa Lee,ralitsa.lee@outlook.com,2024-08-09,AT
1113,Omar Ferrari,omar.ferrari@mail.bg,2024-06-25,BR
1114,Sakura Jackson,sakura.jackson@icloud.com,2022-11-22,NL
1115,Pablo Jones,pablo.jones@softuni.bg,2025-07-29,ES
1116,Priya Schmidt,priya.schmidt@softuni.bg,2023-07-17,GR
1117,Vasilena Rodríguez,vasilena.rodríguez@company.com,2023-04-26,ES
1118,Dmitri Rodriguez,dmitri.rodriguez@yahoo.com,2022-10-11,DE
1119,Ethan Thomas,ethan.thomas@outlook.com,2025-12-17,FR
1120,Petar Moore,petar.moore@abv.bg,2023-11-09,JP
1121,Wei Moore,wei.moore@gmail.com,2023-02-28,RO
1122,Matteo Novák,matteo.novák@gmail.com,2025-03-25,PL
1123,Hiroshi Ivanov,hiroshi.ivanov@mail.bg,2023-09-04,PL
1124,Luca Weber,luca.weber@softuni.bg,2024-09-26,IT
1125,Harper Jackson,harper.jackson@icloud.com,2022-03-01,PL
1126,Ekaterina García,ekaterina.garcía@abv.bg,2022-12-05,GR
1127,Mihail Esposito,mihail.esposito@gmail.com,2024-03-17,IN
1128,Layla García,layla.garcía@gmail.com,2022-06-21,RO
1129,Desislava Nowak,desislava.nowak@icloud.com,2023-01-08,BG
1130,Oliver Thomas,oliver.thomas@mail.bg,2023-03-10,GR
1131,Anastasia Martinez,anastasia.martinez@abv.bg,2023-07-24,RO
1132,Amelia Kumar,amelia.kumar@yahoo.com,2024-08-21,BG
1133,Ahmed Georgiev,ahmed.georgiev@mail.bg,2023-04-05,BG
1134,Nina Suzuki,nina.suzuki@gmail.com,2023-05-22,FR
1135,Georgi Esposito,georgi.esposito@outlook.com,2023-05-04,DE
1136,Mei García,mei.garcía@yahoo.com,2025-03-01,FR
1137,Wei González,wei.gonzález@company.com,2024-01-26,DE
1138,Hristo Watanabe,hristo.watanabe@outlook.com,2023-09-30,BG
1139,Elena Davis,elena.davis@abv.bg,2024-03-23,FR
1140,Vasilena Russo,vasilena.russo@softuni.bg,2022-07-28,GB
1141,Ralitsa Yamamoto,ralitsa.yamamoto@gmail.com,2023-12-13,JP
1142,Aurora García,aurora.garcía@mail.bg,2022-05-22,AT
1143,Ekaterina Ivanov,ekaterina.ivanov@abv.bg,2024-09-30,BG
1144,Diego Anderson,diego.anderson@icloud.com,2025-12-19,DE
1145,Diego Angelov,diego.angelov@company.com,2025-06-15,JP
1146,Hiroshi Lee,hiroshi.lee@abv.bg,2025-04-28,ES
1147,Anastasia Sharma,anastasia.sharma@softuni.bg,2022-06-27,ES
1148,Pablo Brown,pablo.brown@icloud.com,2025-03-13,BR
1149,Camille Martinez,camille.martinez@gmail.com,2024-10-09,US
1150,James Schmidt,james.schmidt@softuni.bg,2023-12-28,ES
1151,Ekaterina Garcia,ekaterina.garcia@company.com,2025-02-12,BG
1152,Priya Smith,priya.smith@yahoo.com,2023-05-10,RO
1153,Yuki Wagner,yuki.wagner@softuni.bg,2025-11-15,NL
1154,Yuki Martin,yuki.martin@gmail.com,2022-07-10,GB
1155,Isabella Taylor,isabella.taylor@softuni.bg,2023-09-20,IN
1156,Louis Müller,louis.müller@mail.bg,2024-05-21,JP
1157,Dmitri Wilson,dmitri.wilson@icloud.com,2023-07-09,GB
1158,Amelia Williams,amelia.williams@yahoo.com,2023-01-30,US
1159,Ralitsa Tanaka,ralitsa.tanaka@outlook.com,2023-01-28,FR
1160,Hiroshi Garcia,hiroshi.garcia@company.com,2022-07-25,FR
1161,Lena Williams,lena.williams@mail.bg,2023-01-03,GB
1162,Maria Rodríguez,maria.rodríguez@outlook.com,2023-07-16,BG
1163,Stoyan Wagner,stoyan.wagner@company.com,2025-11-29,DE
1164,Yuki Kostov,yuki.kostov@gmail.com,2025-03-21,GB
1165,Mei Müller,mei.müller@icloud.com,2023-11-29,DE
1166,Stoyan Jones,stoyan.jones@icloud.com,2022-08-22,BG
1167,Marco Schmidt,marco.schmidt@yahoo.com,2025-03-27,BG
1168,Liam Marinov,liam.marinov@company.com,2022-06-24,IT
1169,Ralitsa Wagner,ralitsa.wagner@abv.bg,2025-05-26,BR
1170,Isabella Watanabe,isabella.watanabe@abv.bg,2024-07-11,GR
1171,Klara Nowak,klara.nowak@abv.bg,2023-09-18,IN
1172,Kalina Esposito,kalina.esposito@yahoo.com,2023-03-02,FR
1173,Oliver García,oliver.garcía@yahoo.com,2022-11-18,IT
1174,Olivia Wagner,olivia.wagner@yahoo.com,2022-11-17,BG
1175,Chiara Martin,chiara.martin@icloud.com,2023-08-20,BG
1176,Ethan Miller,ethan.miller@company.com,2025-12-10,GR
1177,Vasilena Fernández,vasilena.fernández@softuni.bg,2023-06-26,IN
1178,Lucas Jackson,lucas.jackson@yahoo.com,2025-01-20,IT
1179,Liam Horváth,liam.horváth@company.com,2022-10-19,BG
1180,Kalina Kolev,kalina.kolev@company.com,2025-05-03,IN
1181,Anna Martin,anna.martin@yahoo.com,2024-08-17,GB
1182,Marco Garcia,marco.garcia@icloud.com,2024-06-15,BG
1183,Nina Kowalski,nina.kowalski@abv.bg,2023-10-23,BR
1184,Amelia Petrov,amelia.petrov@yahoo.com,2023-04-14,IN
1185,Georgi Suzuki,georgi.suzuki@company.com,2025-03-26,BG
1186,Olivia Müller,olivia.müller@icloud.com,2023-07-24,DE
1187,Diego Bianchi,diego.bianchi@icloud.com,2022-07-06,NL
1188,Andrei Moore,andrei.moore@mail.bg,2023-10-20,BG
1189,Emma Martinez,emma.martinez@abv.bg,2025-11-21,NL
1190,Anna García,anna.garcía@abv.bg,2025-01-31,BG
1191,Carmen Nikolov,carmen.nikolov@mail.bg,2023-06-01,US
1192,Hristo Watanabe,hristo.watanabe@abv.bg,2024-11-19,BG
1193,Ahmed Lee,ahmed.lee@abv.bg,2022-04-22,FR
1194,Priya Anderson,priya.anderson@icloud.com,2025-07-04,GR
1195,Stoyan Johnson,stoyan.johnson@company.com,2025-01-29,DE
1196,Anna Martin,anna.martin@icloud.com,2022-09-06,BG
1197,Charlotte Rodríguez,charlotte.rodríguez@outlook.com,2023-09-29,JP
1198,Maria Wagner,maria.wagner@abv.bg,2022-07-10,IT
1199,Hristo Lee,hristo.lee@yahoo.com,2025-08-19,DE
1200,Kenji Rodríguez,kenji.rodríguez@company.com,2024-11-08,ES
1201,Luca Kumar,luca.kumar@icloud.com,2024-08-25,IT
1202,Carmen Wagner,carmen.wagner@outlook.com,2024-02-25,FR
1203,Raj Tanaka,raj.tanaka@outlook.com,2022-05-23,ES
1204,Luca Martinez,luca.martinez@company.com,2022-01-06,GB
1205,Klara Kumar,klara.kumar@icloud.com,2022-11-01,GR
1206,Kavya Müller,kavya.müller@mail.bg,2023-11-12,JP
1207,Ahmed Thomas,ahmed.thomas@icloud.com,2023-10-22,FR
1208,Charlotte Rossi,charlotte.rossi@abv.bg,2023-04-24,RO
1209,Nina Rodriguez,nina.rodriguez@icloud.com,2025-12-15,PL
1210,Matteo García,matteo.garcía@outlook.com,2024-10-11,BG
1211,Mihail Schneider,mihail.schneider@mail.bg,2022-07-25,GR
1212,Boyan Fischer,boyan.fischer@icloud.com,2022-02-01,DE
1213,Chiara Nowak,chiara.nowak@outlook.com,2022-06-03,NL
1214,Oliver Martinez,oliver.martinez@abv.bg,2025-08-23,BG
1215,Dmitri Sharma,dmitri.sharma@abv.bg,2023-10-11,NL
1216,Ahmed Dimitrov,ahmed.dimitrov@yahoo.com,2023-04-26,GB
1217,Ethan Tanaka,ethan.tanaka@yahoo.com,2024-06-07,BG
1218,Boyan Martin,boyan.martin@outlook.com,2025-11-22,GB
1219,Elena Dimitrov,elena.dimitrov@mail.bg,2022-04-25,GB
1220,Hugo Anderson,hugo.anderson@abv.bg,2022-10-26,IT
1221,Arjun Moore,arjun.moore@outlook.com,2022-12-15,DE
1222,Nikolay Esposito,nikolay.esposito@abv.bg,2025-06-23,IT
1223,Kenji Horváth,kenji.horváth@outlook.com,2023-04-21,GR
1224,Amelia Lee,amelia.lee@company.com,2025-09-27,BG
1225,Wei Novák,wei.novák@company.com,2025-10-19,JP
1226,Emma Stoyanov,emma.stoyanov@icloud.com,2023-12-09,IN
1227,Klara Bianchi,klara.bianchi@abv.bg,2025-11-14,ES
1228,Carmen Sharma,carmen.sharma@company.com,2023-02-12,PL
1229,Hiroshi Kostov,hiroshi.kostov@softuni.bg,2024-02-21,IN
1230,Hugo Rossi,hugo.rossi@company.com,2025-12-03,GB
1231,Georgi Kumar,georgi.kumar@abv.bg,2023-07-17,BG
1232,Layla Nowak,layla.nowak@gmail.com,2025-05-26,NL
1233,Anna Watanabe,anna.watanabe@softuni.bg,2025-05-28,US
1234,Isabella Bianchi,isabella.bianchi@softuni.bg,2025-06-25,ES
1235,Desislava Bianchi,desislava.bianchi@yahoo.com,2025-07-09,BG
1236,Marek Yamamoto,marek.yamamoto@icloud.com,2022-03-10,IN
1237,Léa Sánchez,léa.sánchez@outlook.com,2022-07-04,GB
1238,Anastasia Tanaka,anastasia.tanaka@abv.bg,2022-12-26,FR
1239,Mihail Yamamoto,mihail.yamamoto@mail.bg,2024-12-23,AT
1240,Harper Kumar,harper.kumar@outlook.com,2023-06-11,NL
1241,Lena Tanaka,lena.tanaka@mail.bg,2022-08-24,GR
1242,Vasilena Marinov,vasilena.marinov@softuni.bg,2025-10-17,PL
1243,Omar Anderson,omar.anderson@yahoo.com,2024-03-19,BG
1244,Oliver Weber,oliver.weber@yahoo.com,2024-07-20,US
1245,Oliver Russo,oliver.russo@abv.bg,2025-07-31,US
1246,Yana Fernández,yana.fernández@softuni.bg,2024-08-23,BG
1247,Omar Rodriguez,omar.rodriguez@softuni.bg,2025-08-19,BG
1248,Wei Horváth,wei.horváth@company.com,2025-08-22,RO
1249,Hristo Todorov,hristo.todorov@gmail.com,2022-03-18,GB
1250,Kenji Hristov,kenji.hristov@yahoo.com,2023-04-26,JP
1251,Desislava Thomas,desislava.thomas@icloud.com,2024-01-30,JP
1252,Luca Russo,luca.russo@outlook.com,2024-04-29,BG
1253,Yuki Esposito,yuki.esposito@abv.bg,2023-07-27,BG
1254,Louis Johnson,louis.johnson@icloud.com,2024-06-29,IT
1255,Léa Kostov,léa.kostov@mail.bg,2025-01-20,US
1256,Kalina Taylor,kalina.taylor@company.com,2023-01-24,BG
1257,Carmen Nikolov,carmen.nikolov@softuni.bg,2025-08-07,BR
1258,Georgi Georgiev,georgi.georgiev@mail.bg,2023-05-14,DE
1259,Layla Johnson,layla.johnson@yahoo.com,2025-02-09,FR
1260,Mason Singh,mason.singh@softuni.bg,2023-11-04,DE
1261,Ivan Garcia,ivan.garcia@outlook.com,2022-09-24,JP
1262,Amelia Patel,amelia.patel@outlook.com,2022-08-14,BG
1263,Mihail Ivanov,mihail.ivanov@mail.bg,2023-05-03,IN
1264,Anastasia Petrov,anastasia.petrov@outlook.com,2023-06-28,BG
1265,Mihail Tanaka,mihail.tanaka@abv.bg,2024-12-13,BG
1266,Petar Müller,petar.müller@icloud.com,2024-01-12,AT
1267,Yana Martin,yana.martin@softuni.bg,2025-06-13,BG
1268,Priya Davis,priya.davis@icloud.com,2025-08-10,BG
1269,Kalina Müller,kalina.müller@abv.bg,2024-05-23,BG
1270,Yuki Rodríguez,yuki.rodríguez@icloud.com,2022-05-31,BG
1271,Anastasia Ferrari,anastasia.ferrari@outlook.com,2022-05-15,DE
1272,Sofia Esposito,sofia.esposito@mail.bg,2024-02-20,BR
1273,Arjun Miller,arjun.miller@icloud.com,2024-11-01,BR
1274,Diego Kostov,diego.kostov@yahoo.com,2025-09-02,JP
1275,Mason Jackson,mason.jackson@icloud.com,2023-04-13,RO
1276,Ekaterina Singh,ekaterina.singh@icloud.com,2024-03-27,RO
1277,Boyan Rodriguez,boyan.rodriguez@abv.bg,2023-10-03,ES
1278,Louis Marinov,louis.marinov@icloud.com,2022-05-18,BG
1279,Nikolay Nikolov,nikolay.nikolov@abv.bg,2022-07-17,US
1280,Mihail Wagner,mihail.wagner@gmail.com,2025-04-16,JP
1281,Omar Martinez,omar.martinez@yahoo.com,2024-04-21,US
1282,Aurora Nowak,aurora.nowak@gmail.com,2023-08-13,BR
1283,Marek Wilson,marek.wilson@yahoo.com,2025-03-29,AT
1284,Mason Marinov,mason.marinov@icloud.com,2023-04-05,BG
1285,Andrei Sharma,andrei.sharma@mail.bg,2022-08-24,ES
1286,Isabella Patel,isabella.patel@abv.bg,2025-02-22,BR
1287,Omar Petrov,omar.petrov@company.com,2022-03-01,DE
1288,Harper González,harper.gonzález@company.com,2023-11-27,US
1289,Ivan Angelov,ivan.angelov@outlook.com,2025-03-05,PL
1290,Petar Marinov,petar.marinov@gmail.com,2022-07-07,AT
1291,Mason Thomas,mason.thomas@abv.bg,2024-07-18,US
1292,Emma Anderson,emma.anderson@company.com,2023-10-27,IN
1293,Nikolay Kowalski,nikolay.kowalski@gmail.com,2022-11-15,DE
1294,Stoyan Fernández,stoyan.fernández@yahoo.com,2023-07-12,GR
1295,Aurora Schmidt,aurora.schmidt@icloud.com,2024-04-28,ES
1296,Mason Suzuki,mason.suzuki@yahoo.com,2023-12-08,RO
1297,Hristo Miller,hristo.miller@icloud.com,2024-12-15,GB
1298,Nina Williams,nina.williams@abv.bg,2025-05-12,BG
1299,Ivan Johnson,ivan.johnson@company.com,2023-03-09,DE
1300,Amelia Miller,amelia.miller@mail.bg,2022-09-03,BG
1301,Kenji Tanaka,kenji.tanaka@abv.bg,2022-12-26,DE
1302,Camille Weber,camille.weber@softuni.bg,2024-10-21,JP
1303,Hugo Stoyanov,hugo.stoyanov@abv.bg,2022-03-28,RO
1304,Georgi Lee,georgi.lee@yahoo.com,2023-10-04,IN
1305,Aurora Rossi,aurora.rossi@abv.bg,2025-12-24,RO
1306,Lena Hristov,lena.hristov@abv.bg,2022-02-12,US
1307,Noah Patel,noah.patel@icloud.com,2025-11-13,US
1308,Tsvetelina Jackson,tsvetelina.jackson@yahoo.com,2023-05-14,RO
1309,Marco Fischer,marco.fischer@yahoo.com,2024-03-21,GB
1310,Ekaterina Williams,ekaterina.williams@mail.bg,2022-12-11,BG
1311,Raj Bianchi,raj.bianchi@yahoo.com,2024-12-22,AT
1312,Sophia Novák,sophia.novák@mail.bg,2023-12-21,DE
1313,Charlotte Kostov,charlotte.kostov@outlook.com,2023-06-09,FR
1314,Olivia Ferrari,olivia.ferrari@outlook.com,2025-09-04,BG
1315,Olivia Watanabe,olivia.watanabe@icloud.com,2024-08-08,IN
1316,Pablo Fernández,pablo.fernández@mail.bg,2025-07-08,US
1317,Liam Martin,liam.martin@yahoo.com,2024-08-18,GR
1318,Klara Yamamoto,klara.yamamoto@company.com,2025-04-26,BG
1319,Hugo Schneider,hugo.schneider@yahoo.com,2023-09-28,GR
1320,Pablo Dimitrov,pablo.dimitrov@gmail.com,2024-01-26,GB
1321,Vasilena Romano,vasilena.romano@yahoo.com,2025-06-13,BR
1322,Sakura Thomas,sakura.thomas@icloud.com,2025-04-03,JP
1323,Nina Martin,nina.martin@softuni.bg,2023-10-21,BR
1324,Mei Schneider,mei.schneider@outlook.com,2022-05-07,GR
1325,Yana Patel,yana.patel@mail.bg,2022-06-22,AT
1326,Olivia Dimitrov,olivia.dimitrov@softuni.bg,2025-12-20,GR
1327,Lucía Fischer,lucía.fischer@outlook.com,2024-01-16,US
1328,Anna Thomas,anna.thomas@abv.bg,2023-11-24,BR
1329,Stoyan Yamamoto,stoyan.yamamoto@mail.bg,2022-05-15,US
1330,Boyan Wagner,boyan.wagner@abv.bg,2023-08-05,ES
1331,Liam Martinez,liam.martinez@yahoo.com,2025-04-08,DE
1332,Andrei Davis,andrei.davis@abv.bg,2022-09-22,BR
1333,Nikolay Davis,nikolay.davis@abv.bg,2025-08-10,US
1334,Mihail García,mihail.garcía@yahoo.com,2025-08-16,RO
1335,Raj Anderson,raj.anderson@gmail.com,2024-01-13,GB
1336,James Johnson,james.johnson@mail.bg,2024-09-22,FR
1337,Isabella Todorov,isabella.todorov@outlook.com,2022-06-08,GB
1338,Boyan Schneider,boyan.schneider@gmail.com,2025-09-17,US
1339,Mihail Ferrari,mihail.ferrari@abv.bg,2022-11-12,DE
1340,James Kumar,james.kumar@outlook.com,2024-06-15,BG
1341,Chiara Anderson,chiara.anderson@softuni.bg,2024-06-28,BR
1342,Anna Suzuki,anna.suzuki@icloud.com,2023-04-25,JP
1343,Charlotte Davis,charlotte.davis@icloud.com,2023-02-02,US
1344,Lucía Lee,lucía.lee@company.com,2024-02-22,AT
1345,Arjun Moore,arjun.moore2@softuni.bg,2025-05-23,DE
1346,Amelia Georgiev,amelia.georgiev@icloud.com,2024-01-31,JP
1347,Yana Rodríguez,yana.rodríguez@yahoo.com,2023-08-07,BG
1348,Emma Garcia,emma.garcia@icloud.com,2024-11-17,DE
1349,Diego Nikolov,diego.nikolov@softuni.bg,2024-07-12,US
1350,Elena Moore,elena.moore@gmail.com,2024-03-22,AT
1351,Louis Brown,louis.brown@abv.bg,2022-06-17,US
1352,Isabella Petrov,isabella.petrov@mail.bg,2022-07-22,US
1353,Aleksandar Todorov,aleksandar.todorov@gmail.com,2023-08-11,NL
1354,Desislava Suzuki,desislava.suzuki@icloud.com,2024-07-07,BR
1355,Ivan Novák,ivan.novák@yahoo.com,2022-02-08,ES
1356,Mason Kumar,mason.kumar@outlook.com,2025-01-28,BR
1357,Arjun Jackson,arjun.jackson@yahoo.com,2023-08-14,IT
1358,Klara Hristov,klara.hristov@gmail.com,2023-05-04,RO
1359,Carmen Stoyanov,carmen.stoyanov@yahoo.com,2024-10-20,BR
1360,Kavya Petrov,kavya.petrov@softuni.bg,2022-10-22,GB
1361,Aurora Ivanov,aurora.ivanov@mail.bg,2023-05-08,IN
1362,Luca Angelov,luca.angelov@yahoo.com,2024-12-08,US
1363,Petar Fischer,petar.fischer@gmail.com,2024-03-10,NL
1364,Nina Bianchi,nina.bianchi@abv.bg,2024-02-04,ES
1365,Georgi Wilson,georgi.wilson@yahoo.com,2023-12-08,IT
1366,Yana Watanabe,yana.watanabe@mail.bg,2022-10-01,BG
1367,Hugo Weber,hugo.weber@mail.bg,2025-08-09,DE
1368,Wei González,wei.gonzález@icloud.com,2025-07-17,DE
1369,Desislava Stoyanov,desislava.stoyanov@icloud.com,2022-03-17,GB
1370,Lucas Dimitrov,lucas.dimitrov@softuni.bg,2022-03-27,US
1371,Marek Schneider,marek.schneider@abv.bg,2025-01-17,NL
1372,Amelia Dimitrov,amelia.dimitrov@softuni.bg,2023-08-09,US
1373,Stoyan Nowak,stoyan.nowak@mail.bg,2023-07-14,BG
1374,Louis Jackson,louis.jackson@abv.bg,2024-06-19,PL
1375,Ekaterina Angelov,ekaterina.angelov@icloud.com,2025-11-18,NL
1376,Louis Patel,louis.patel@company.com,2022-06-19,RO
1377,Nikolay Jackson,nikolay.jackson@outlook.com,2025-01-22,GB
1378,Anastasia Kostov,anastasia.kostov@yahoo.com,2023-11-03,GB
1379,Marek Martin,marek.martin@abv.bg,2022-12-08,GR
1380,Andrei Martin,andrei.martin@gmail.com,2023-12-24,BR
1381,Diego Garcia,diego.garcia@gmail.com,2022-06-03,PL
1382,Léa Schneider,léa.schneider@outlook.com,2022-03-05,DE
1383,Lucía Dimitrov,lucía.dimitrov@outlook.com,2022-05-18,IT
1384,Léa Anderson,léa.anderson@abv.bg,2025-03-07,BG
1385,Liam Fernández,liam.fernández@icloud.com,2024-01-30,US
1386,Lucía Suzuki,lucía.suzuki@yahoo.com,2025-03-21,DE
1387,Arjun Anderson,arjun.anderson@abv.bg,2023-10-06,ES
1388,Logan Hristov,logan.hristov@gmail.com,2023-01-17,NL
1389,Priya Thomas,priya.thomas@yahoo.com,2023-06-21,ES
1390,Pablo Johnson,pablo.johnson@company.com,2025-11-22,NL
1391,Lucas Hristov,lucas.hristov@outlook.com,2022-06-01,GR
1392,Olivia Novák,olivia.novák@icloud.com,2022-06-29,US
1393,Andrei Rodríguez,andrei.rodríguez@yahoo.com,2025-01-31,JP
1394,Lena Novák,lena.novák@company.com,2022-11-19,DE
1395,Léa Schneider,léa.schneider@softuni.bg,2022-09-06,FR
1396,Desislava Brown,desislava.brown@icloud.com,2022-02-23,US
1397,Fatima Rossi,fatima.rossi@mail.bg,2024-08-15,JP
1398,Mihail Esposito,mihail.esposito@yahoo.com,2022-05-15,GB
1399,Giulia Rodríguez,giulia.rodríguez@icloud.com,2024-12-12,RO
1400,Chiara Singh,chiara.singh@yahoo.com,2022-09-14,US
1401,Vasilena Martin,vasilena.martin@icloud.com,2025-10-24,AT
1402,Andrei Todorov,andrei.todorov@outlook.com,2022-09-22,RO
1403,Sakura Horváth,sakura.horváth@gmail.com,2022-09-12,AT
1404,Liam Davis,liam.davis@outlook.com,2022-11-28,US
1405,Isabella Wilson,isabella.wilson@company.com,2022-06-11,ES
1406,Lucas Bianchi,lucas.bianchi@company.com,2022-09-14,GB
1407,Kavya Nikolov,kavya.nikolov@outlook.com,2025-04-27,IN
1408,Liam Kolev,liam.kolev@mail.bg,2025-02-28,BG
1409,Elena Nikolov,elena.nikolov@gmail.com,2025-08-06,IN
1410,Oliver Romano,oliver.romano@softuni.bg,2025-03-17,RO
1411,Elena Schmidt,elena.schmidt@company.com,2025-08-07,GB
1412,Hiroshi Brown,hiroshi.brown@abv.bg,2023-09-02,GR
1413,Vasilena González,vasilena.gonzález@gmail.com,2022-11-20,GR
1414,Luca Müller,luca.müller@icloud.com,2023-02-22,US
1415,Aleksandar Rodriguez,aleksandar.rodriguez@mail.bg,2023-12-09,PL
1416,Mihail Suzuki,mihail.suzuki@mail.bg,2024-11-20,JP
1417,Yana Rodriguez,yana.rodriguez@softuni.bg,2024-08-13,BG
1418,Harper Martin,harper.martin@softuni.bg,2022-10-16,BG
1419,Stoyan Miller,stoyan.miller@abv.bg,2025-06-14,RO
1420,Logan Nowak,logan.nowak@outlook.com,2023-11-02,IN
1421,Jakub Smith,jakub.smith@outlook.com,2024-10-17,AT
1422,Wei Schmidt,wei.schmidt@company.com,2024-10-15,BG
1423,Tsvetelina Taylor,tsvetelina.taylor@icloud.com,2023-05-09,FR
1424,Hugo Georgiev,hugo.georgiev@gmail.com,2023-07-31,NL
1425,Mei Miller,mei.miller@gmail.com,2022-08-09,RO
1426,Desislava Kowalski,desislava.kowalski@company.com,2024-01-20,PL
1427,Léa Dimitrov,léa.dimitrov@abv.bg,2022-04-15,IN
1428,Omar Smith,omar.smith@mail.bg,2025-02-07,GB
1429,Vasilena Thomas,vasilena.thomas@icloud.com,2025-01-31,ES
1430,Ralitsa Todorov,ralitsa.todorov@yahoo.com,2024-03-17,US
1431,Ekaterina Wagner,ekaterina.wagner@mail.bg,2022-10-23,FR
1432,Raj Taylor,raj.taylor@gmail.com,2022-04-03,BG
1433,Desislava Rodríguez,desislava.rodríguez@mail.bg,2024-08-28,AT
1434,Carmen Marinov,carmen.marinov@outlook.com,2023-11-03,BR
1435,Jakub Kolev,jakub.kolev@abv.bg,2025-06-16,GB
1436,Ekaterina Schneider,ekaterina.schneider@icloud.com,2025-12-22,IN
1437,Klara Müller,klara.müller@gmail.com,2024-01-25,US
1438,Hristo Moore,hristo.moore@company.com,2025-11-10,BG
1439,Mei Jones,mei.jones@softuni.bg,2022-04-16,IN
1440,Hiroshi Kolev,hiroshi.kolev@abv.bg,2022-10-30,IT
1441,Dimitar Rossi,dimitar.rossi@yahoo.com,2023-01-26,BG
1442,Lucía Rodriguez,lucía.rodriguez@abv.bg,2022-11-07,RO
1443,Mia Moore,mia.moore@icloud.com,2022-05-08,DE
1444,Priya Johnson,priya.johnson@mail.bg,2025-09-18,NL
1445,Arjun Thomas,arjun.thomas@mail.bg,2022-12-21,GR
1446,Kavya Martinez,kavya.martinez@mail.bg,2025-10-16,ES
1447,Hiroshi Smith,hiroshi.smith@softuni.bg,2023-07-26,JP
1448,Klara Williams,klara.williams@company.com,2023-08-15,FR
1449,Yuki Rodriguez,yuki.rodriguez@icloud.com,2023-12-16,JP
1450,Sofia Miller,sofia.miller@yahoo.com,2025-03-20,JP
1451,Camille Novák,camille.novák@abv.bg,2023-12-08,DE
1452,Lena Dimitrov,lena.dimitrov@company.com,2022-06-11,US
1453,Lucía Romano,lucía.romano@company.com,2024-09-08,FR
1454,Lucas Singh,lucas.singh@company.com,2025-02-25,ES
1455,Desislava Kostov,desislava.kostov@softuni.bg,2023-05-12,BG
1456,Arjun Williams,arjun.williams@softuni.bg,2022-04-18,BG
1457,Chiara Martinez,chiara.martinez@icloud.com,2022-07-25,DE
1458,Ivan Wagner,ivan.wagner@outlook.com,2024-04-13,NL
1459,Hiroshi Romano,hiroshi.romano@softuni.bg,2023-08-12,US
1460,Anna Romano,anna.romano@gmail.com,2022-07-03,IN
1461,Ethan Weber,ethan.weber@gmail.com,2022-12-25,RO
1462,Olivia Horváth,olivia.horváth@gmail.com,2024-03-24,NL
1463,James Tanaka,james.tanaka@company.com,2022-03-18,BG
1464,Klara Rossi,klara.rossi@yahoo.com,2023-11-18,GB
1465,Carmen Romano,carmen.romano@icloud.com,2022-10-02,AT
1466,Wei Garcia,wei.garcia@softuni.bg,2022-08-19,US
1467,Emma Sánchez,emma.sánchez@icloud.com,2025-08-20,ES
1468,James Ivanov,james.ivanov@mail.bg,2023-08-28,IN
1469,Sophia Angelov,sophia.angelov@abv.bg,2024-05-25,AT
1470,Anastasia Nikolov,anastasia.nikolov@abv.bg,2025-10-02,BG
1471,James Todorov,james.todorov@icloud.com,2023-10-25,IT
1472,Ivan Jones,ivan.jones@abv.bg,2023-04-28,GR
1473,Harper Martinez,harper.martinez@company.com,2025-04-07,IN
1474,Maria Jones,maria.jones@mail.bg,2025-11-19,IT
1475,Kalina García,kalina.garcía@yahoo.com,2024-08-11,GB
1476,Emma Taylor,emma.taylor@company.com,2025-11-14,BG
1477,Lena Anderson,lena.anderson@softuni.bg,2023-03-25,DE
1478,Hiroshi Marinov,hiroshi.marinov@icloud.com,2025-05-25,US
1479,Luca González,luca.gonzález@icloud.com,2025-01-05,FR
1480,Logan Fernández,logan.fernández@yahoo.com,2024-12-12,GR
1481,Arjun Rodríguez,arjun.rodríguez@mail.bg,2022-06-09,IN
1482,Hristo Georgiev,hristo.georgiev@softuni.bg,2025-03-18,JP
1483,Liam Kolev,liam.kolev2@icloud.com,2022-08-27,FR
1484,Yuki Nikolov,yuki.nikolov@icloud.com,2022-04-24,GR
1485,Mihail Schneider,mihail.schneider@abv.bg,2024-07-24,IN
1486,Kalina Wagner,kalina.wagner@icloud.com,2025-10-09,GB
1487,Georgi Taylor,georgi.taylor@company.com,2022-01-07,FR
1488,Vasilena Dimitrov,vasilena.dimitrov@abv.bg,2023-12-07,BG
1489,Ahmed Georgiev,ahmed.georgiev@yahoo.com,2024-08-24,BG
1490,Anna Moore,anna.moore@outlook.com,2022-10-05,RO
1491,Louis Novák,louis.novák@abv.bg,2024-07-07,PL
1492,Camille Nikolov,camille.nikolov@outlook.com,2025-08-31,US
1493,Ralitsa Angelov,ralitsa.angelov@abv.bg,2024-12-19,DE
1494,Isabella Kumar,isabella.kumar@gmail.com,2022-02-16,GB
1495,Wei Fernández,wei.fernández@abv.bg,2024-12-25,PL
1496,Ethan Brown,ethan.brown@icloud.com,2023-12-10,DE
1497,Sofia Smith,sofia.smith@yahoo.com,2022-03-07,RO
1498,Georgi Brown,georgi.brown@softuni.bg,2022-05-18,BG
1499,Dimitar Martin,dimitar.martin@gmail.com,2023-05-17,BG
1500,Marco Martin,marco.martin@softuni.bg,2025-01-10,FR
